DEPTH_FT,GR,WOB,ROP,RES,NPHI,RHOB
3280.84,65.2,22.4,14.5,12.4,0.22,2.45
3284.12,66.1,22.8,14.2,12.6,0.21,2.46
3287.40,-999.25,23.1,13.9,13.1,0.23,2.44
3290.68,64.8,22.9,14.0,12.9,0.22,2.45
3293.96,158.4,23.0,14.1,13.0,0.22,2.45
3297.24,67.0,22.7,14.4,12.7,0.21,2.46
3300.52,68.5,23.2,13.8,13.2,0.20,2.48
3303.80,69.2,-999.25,13.7,13.5,0.20,2.47
3307.08,68.9,23.5,13.6,13.8,0.19,2.49
3310.36,70.1,23.4,13.5,14.0,0.19,2.50
3313.64,71.4,23.6,13.3,14.2,0.18,2.51
3316.92,72.0,23.8,13.2,14.5,0.18,2.52
3320.20,73.5,24.0,13.0,14.8,0.17,2.53
3323.48,74.2,24.1,12.9,15.0,0.17,2.54
3326.76,75.0,24.3,12.8,15.2,0.16,2.55
