Timestamp,Depth,ROP,WOB,RPM,Gamma_Ray
2026-09-28 19:05:42,3200.0,16.83,31.65,134.4,90.44
2026-09-28 19:05:43,3200.21,17.56,32.94,126.8,93.1
2026-09-28 19:05:44,3200.46,15.47,31.76,128.4,96.84
2026-09-28 19:05:45,3200.7,17.43,30.89,124.6,91.72
2026-09-28 19:05:46,3200.92,14.72,29.64,126.9,91.09
2026-09-28 19:05:47,3201.19,17.01,31.41,123.4,93.36
2026-09-28 19:05:48,3201.44,16.05,29.67,133.8,94.6
2026-09-28 19:05:49,3201.68,17.91,31.79,131.6,93.28
2026-09-28 19:05:50,3201.92,16.09,34.5,126.2,93.72
2026-09-28 19:05:51,3202.13,16.3,29.98,130.6,90.53
2026-09-28 19:05:52,3202.39,15.66,30.02,122.4,97.6
2026-09-28 19:05:53,3202.62,15.58,29.86,129.8,88.93
2026-09-28 19:05:54,3202.91,17.76,31.04,127.7,87.63
2026-09-28 19:05:55,3203.17,16.44,30.01,123.8,94.01
2026-09-28 19:05:56,3203.4,15.25,31.66,123.7,94.86
2026-09-28 19:05:57,3203.65,16.92,32.42,122.1,90.13
2026-09-28 19:05:58,3203.91,16.25,32.7,126.3,92.82
2026-09-28 19:05:59,3204.19,18.51,32.68,125.7,89.47
2026-09-28 19:06:00,3204.46,18.08,29.72,126.3,90.36
2026-09-28 19:06:01,3204.72,18.43,31.4,123.9,92.11
2026-09-28 19:06:02,3204.96,16.69,29.09,127.7,90.78
2026-09-28 19:06:03,3205.19,17.22,29.02,126.5,86.97
2026-09-28 19:06:04,3205.43,13.5,28.59,126.8,91.95
2026-09-28 19:06:05,3205.67,14.73,31.54,126.6,85.92
2026-09-28 19:06:06,3205.88,20.11,30.68,123.0,88.71
2026-09-28 19:06:07,3206.12,17.58,31.05,124.6,87.37
2026-09-28 19:06:08,3206.37,17.14,29.05,128.6,90.46
2026-09-28 19:06:09,3206.59,17.85,31.98,127.9,86.57
2026-09-28 19:06:10,3206.82,17.98,31.79,129.1,87.72
2026-09-28 19:06:11,3207.09,18.94,30.13,119.3,86.68
2026-09-28 19:06:12,3207.36,15.55,30.46,123.4,83.37
2026-09-28 19:06:13,3207.61,16.58,31.53,126.8,85.61
2026-09-28 19:06:14,3207.89,17.42,32.83,127.5,88.13
2026-09-28 19:06:15,3208.14,18.91,32.53,120.6,84.55
2026-09-28 19:06:16,3208.38,16.14,31.03,123.8,87.66
2026-09-28 19:06:17,3208.62,16.1,30.7,124.2,82.39
2026-09-28 19:06:18,3208.87,17.46,29.56,122.5,85.04
2026-09-28 19:06:19,3209.12,16.73,32.45,127.6,83.58
2026-09-28 19:06:20,3209.37,15.69,29.42,124.2,88.35
2026-09-28 19:06:21,3209.64,20.08,29.52,123.0,85.3
2026-09-28 19:06:22,3209.88,16.05,29.59,120.1,85.61
2026-09-28 19:06:23,3210.16,17.96,30.72,121.6,79.78
2026-09-28 19:06:24,3210.4,18.82,29.54,120.8,79.46
2026-09-28 19:06:25,3210.65,20.81,31.22,125.5,80.23
2026-09-28 19:06:26,3210.91,19.36,31.86,124.4,81.81
2026-09-28 19:06:27,3211.18,18.47,29.35,123.5,80.77
2026-09-28 19:06:28,3211.46,22.15,31.11,119.0,81.18
2026-09-28 19:06:29,3211.75,21.15,27.67,123.2,83.64
2026-09-28 19:06:30,3212.02,19.5,29.12,122.0,84.18
2026-09-28 19:06:31,3212.26,21.31,30.68,120.9,83.33
2026-09-28 19:06:32,3212.53,18.6,28.35,118.7,84.77
2026-09-28 19:06:33,3212.8,19.12,30.36,122.4,79.61
2026-09-28 19:06:34,3213.06,21.7,30.05,124.9,80.29
2026-09-28 19:06:35,3213.31,19.93,31.5,120.3,80.18
2026-09-28 19:06:36,3213.61,21.06,28.83,118.7,77.63
2026-09-28 19:06:37,3213.88,18.14,29.39,121.6,76.2
2026-09-28 19:06:38,3214.11,21.94,27.45,120.8,75.2
2026-09-28 19:06:39,3214.37,18.54,26.91,122.5,78.71
2026-09-28 19:06:40,3214.64,22.69,29.08,119.4,79.77
2026-09-28 19:06:41,3214.88,20.91,28.77,120.4,76.71
2026-09-28 19:06:42,3215.15,23.4,29.02,119.5,80.92
2026-09-28 19:06:43,3215.36,20.13,26.86,120.1,73.8
2026-09-28 19:06:44,3215.64,21.75,28.91,117.0,79.67
2026-09-28 19:06:45,3215.89,21.25,29.35,123.6,73.57
2026-09-28 19:06:46,3216.14,23.41,27.57,117.6,77.21
2026-09-28 19:06:47,3216.38,20.17,26.07,116.1,75.05
2026-09-28 19:06:48,3216.59,21.84,29.63,117.7,75.97
2026-09-28 19:06:49,3216.82,23.26,28.31,119.2,74.81
2026-09-28 19:06:50,3217.1,23.5,27.87,119.8,73.32
2026-09-28 19:06:51,3217.31,22.96,27.21,121.5,71.05
2026-09-28 19:06:52,3217.54,20.73,28.96,118.7,70.71
2026-09-28 19:06:53,3217.8,20.4,26.81,117.0,73.14
2026-09-28 19:06:54,3218.04,21.51,25.17,120.1,75.9
2026-09-28 19:06:55,3218.29,21.56,29.67,118.1,71.0
2026-09-28 19:06:56,3218.52,23.15,28.01,112.5,69.46
2026-09-28 19:06:57,3218.77,24.12,27.52,114.2,72.3
2026-09-28 19:06:58,3219.07,25.64,27.35,114.9,67.88
2026-09-28 19:06:59,3219.33,23.96,27.66,119.1,72.59
2026-09-28 19:07:00,3219.57,22.64,28.23,121.2,69.55
2026-09-28 19:07:01,3219.8,23.36,25.72,113.7,69.96
2026-09-28 19:07:02,3220.08,22.47,27.67,111.2,70.66
2026-09-28 19:07:03,3220.36,24.63,26.72,119.8,70.85
2026-09-28 19:07:04,3220.64,24.3,28.54,114.7,64.82
2026-09-28 19:07:05,3220.89,23.63,26.02,114.5,65.36
2026-09-28 19:07:06,3221.12,24.01,27.4,112.7,68.83
2026-09-28 19:07:07,3221.35,23.35,29.26,115.8,67.57
2026-09-28 19:07:08,3221.61,24.17,24.97,117.7,70.12
2026-09-28 19:07:09,3221.86,22.3,27.05,111.0,66.94
2026-09-28 19:07:10,3222.09,21.41,26.9,117.4,68.68
2026-09-28 19:07:11,3222.32,23.99,22.64,110.1,68.48
2026-09-28 19:07:12,3222.6,24.7,26.83,110.2,65.58
2026-09-28 19:07:13,3222.86,25.61,25.36,115.1,67.84
2026-09-28 19:07:14,3223.12,24.63,27.26,116.5,66.26
2026-09-28 19:07:15,3223.38,25.74,27.16,116.0,66.92
2026-09-28 19:07:16,3223.63,25.92,25.68,108.2,66.98
2026-09-28 19:07:17,3223.89,21.73,26.11,113.6,64.91
2026-09-28 19:07:18,3224.12,24.17,28.69,112.5,64.99
2026-09-28 19:07:19,3224.4,24.98,27.77,107.3,66.62
2026-09-28 19:07:20,3224.66,27.18,25.58,113.0,61.36
2026-09-28 19:07:21,3224.92,25.37,25.15,110.6,63.43
2026-09-28 19:07:22,3225.13,23.93,24.88,115.9,66.3
2026-09-28 19:07:23,3225.38,25.87,27.36,113.0,61.69
2026-09-28 19:07:24,3225.64,25.53,24.8,111.2,64.11
2026-09-28 19:07:25,3225.89,27.0,24.97,111.8,59.58
2026-09-28 19:07:26,3226.12,25.14,23.79,112.2,62.31
2026-09-28 19:07:27,3226.36,26.95,23.06,108.7,60.85
2026-09-28 19:07:28,3226.64,27.73,26.67,111.1,59.76
2026-09-28 19:07:29,3226.89,25.41,24.91,109.7,55.72
2026-09-28 19:07:30,3227.14,28.01,23.13,108.6,61.27
2026-09-28 19:07:31,3227.38,27.07,24.25,110.3,59.97
2026-09-28 19:07:32,3227.61,27.77,23.51,112.3,60.23
2026-09-28 19:07:33,3227.87,23.63,23.01,110.9,59.1
2026-09-28 19:07:34,3228.13,27.16,25.12,111.3,58.71
2026-09-28 19:07:35,3228.38,28.55,23.74,112.3,59.87
2026-09-28 19:07:36,3228.67,28.71,24.44,112.3,59.79
2026-09-28 19:07:37,3228.88,26.95,24.64,107.5,58.46
2026-09-28 19:07:38,3229.14,26.29,23.15,113.2,57.9
2026-09-28 19:07:39,3229.39,27.23,23.55,111.3,56.78
2026-09-28 19:07:40,3229.67,25.47,23.13,110.3,57.8
2026-09-28 19:07:41,3229.94,26.81,25.09,108.6,53.61
2026-09-28 19:07:42,3230.21,27.34,23.74,106.1,58.43
2026-09-28 19:07:43,3230.49,25.69,23.31,111.7,57.38
2026-09-28 19:07:44,3230.73,29.86,22.46,108.2,58.39
2026-09-28 19:07:45,3231.02,28.98,25.76,107.3,54.48
2026-09-28 19:07:46,3231.26,25.74,22.72,103.8,57.55
2026-09-28 19:07:47,3231.48,26.7,23.26,110.5,56.4
2026-09-28 19:07:48,3231.72,28.63,22.17,110.2,53.78
2026-09-28 19:07:49,3231.94,26.22,25.55,109.2,60.03
2026-09-28 19:07:50,3232.2,26.1,23.16,111.0,54.19
2026-09-28 19:07:51,3232.46,29.49,23.37,108.5,56.08
2026-09-28 19:07:52,3232.73,27.29,23.25,112.7,52.01
2026-09-28 19:07:53,3233.01,28.85,23.15,112.6,53.81
2026-09-28 19:07:54,3233.27,29.12,23.23,108.0,50.1
2026-09-28 19:07:55,3233.51,29.31,22.09,108.5,54.1
2026-09-28 19:07:56,3233.75,28.96,23.29,110.0,52.94
2026-09-28 19:07:57,3234.03,29.54,25.22,108.7,53.48
2026-09-28 19:07:58,3234.29,26.84,22.06,105.7,50.9
2026-09-28 19:07:59,3234.54,31.2,22.56,104.3,51.75
2026-09-28 19:08:00,3234.82,29.35,24.2,107.1,49.19
2026-09-28 19:08:01,3235.06,30.2,22.42,105.2,51.0
2026-09-28 19:08:02,3235.32,28.89,21.29,107.1,49.01
2026-09-28 19:08:03,3235.54,28.65,24.18,102.5,46.86
2026-09-28 19:08:04,3235.78,29.54,21.59,105.9,51.8
2026-09-28 19:08:05,3236.03,27.96,21.5,108.4,51.95
2026-09-28 19:08:06,3236.26,28.41,22.1,108.2,53.71
2026-09-28 19:08:07,3236.5,30.07,20.55,106.4,49.82
2026-09-28 19:08:08,3236.74,28.61,23.29,108.7,46.59
2026-09-28 19:08:09,3236.99,29.24,23.37,106.0,51.4
2026-09-28 19:08:10,3237.24,30.15,22.71,107.4,47.41
2026-09-28 19:08:11,3237.48,28.74,23.35,108.3,50.7
2026-09-28 19:08:12,3237.71,28.32,19.96,105.8,50.51
2026-09-28 19:08:13,3237.94,31.0,22.71,106.5,44.92
2026-09-28 19:08:14,3238.17,28.72,21.93,100.0,47.64
2026-09-28 19:08:15,3238.39,30.71,22.99,103.2,48.68
2026-09-28 19:08:16,3238.65,29.39,20.89,111.9,45.19
2026-09-28 19:08:17,3238.92,29.21,21.07,107.6,45.48
2026-09-28 19:08:18,3239.15,30.29,20.24,107.8,42.74
2026-09-28 19:08:19,3239.41,32.43,21.83,107.3,46.96
2026-09-28 19:08:20,3239.65,28.38,21.37,106.8,45.52
2026-09-28 19:08:21,3239.89,30.74,21.23,104.8,45.65
2026-09-28 19:08:22,3240.15,30.28,21.81,106.2,41.13
2026-09-28 19:08:23,3240.4,27.84,21.01,111.6,43.27
2026-09-28 19:08:24,3240.63,29.28,19.99,103.6,41.6
2026-09-28 19:08:25,3240.86,30.33,22.74,105.2,44.63
2026-09-28 19:08:26,3241.1,29.36,21.43,108.1,43.88
2026-09-28 19:08:27,3241.36,28.23,22.99,105.8,42.22
2026-09-28 19:08:28,3241.59,30.6,20.89,105.1,43.16
2026-09-28 19:08:29,3241.87,28.65,21.47,104.9,45.95
2026-09-28 19:08:30,3242.12,13.0,21.3,106.9,40.48
2026-09-28 19:08:31,3242.39,13.0,21.67,105.7,43.98
2026-09-28 19:08:32,3242.63,13.0,21.14,104.4,43.06
2026-09-28 19:08:33,3242.87,13.0,20.87,107.5,39.77
2026-09-28 19:08:34,3243.14,13.0,19.85,103.6,39.73
2026-09-28 19:08:35,3243.39,13.0,18.71,108.9,44.96
2026-09-28 19:08:36,3243.63,13.0,20.41,103.0,45.22
2026-09-28 19:08:37,3243.91,13.0,21.43,106.7,39.53
2026-09-28 19:08:38,3244.2,12.48,20.84,103.4,39.94
2026-09-28 19:08:39,3244.46,13.0,20.03,107.0,42.16
2026-09-28 19:08:40,3244.73,13.0,20.62,112.0,43.68
2026-09-28 19:08:41,3244.98,13.0,22.81,105.8,41.18
2026-09-28 19:08:42,3245.17,12.55,21.13,104.5,43.37
2026-09-28 19:08:43,3245.38,12.53,22.22,104.1,39.49
2026-09-28 19:08:44,3245.6,12.61,20.07,103.9,39.67
2026-09-28 19:08:45,3245.8,12.95,21.71,108.7,41.0
2026-09-28 19:08:46,3246.07,12.98,20.56,106.5,40.75
2026-09-28 19:08:47,3246.32,13.0,20.46,102.3,39.4
2026-09-28 19:08:48,3246.56,12.7,22.17,103.7,43.71
2026-09-28 19:08:49,3246.83,12.55,21.85,101.0,42.59
2026-09-28 19:08:50,3247.08,13.0,19.41,108.1,42.53
2026-09-28 19:08:51,3247.32,11.96,19.86,106.4,39.08
2026-09-28 19:08:52,3247.56,12.94,19.85,104.7,38.83
2026-09-28 19:08:53,3247.81,12.61,20.07,100.9,37.91
2026-09-28 19:08:54,3248.08,29.93,21.43,103.9,41.68
2026-09-28 19:08:55,3248.32,28.72,21.64,107.1,40.57
2026-09-28 19:08:56,3248.59,26.8,20.76,105.5,40.49
2026-09-28 19:08:57,3248.87,29.9,20.55,106.9,38.73
2026-09-28 19:08:58,3249.15,28.12,18.59,107.7,38.21
2026-09-28 19:08:59,3249.43,26.3,20.29,106.4,40.39
2026-09-28 19:09:00,3249.67,27.51,21.61,106.8,35.84
2026-09-28 19:09:01,3249.92,28.78,20.41,105.8,38.9
2026-09-28 19:09:02,3250.17,27.95,21.07,106.7,38.95
2026-09-28 19:09:03,3250.46,26.88,20.22,105.2,36.84
2026-09-28 19:09:04,3250.73,27.02,21.29,102.9,35.35
2026-09-28 19:09:05,3251.01,28.05,19.01,108.1,36.84
2026-09-28 19:09:06,3251.23,27.96,20.78,104.2,35.29
2026-09-28 19:09:07,3251.48,26.27,20.46,109.4,38.06
2026-09-28 19:09:08,3251.74,27.27,18.7,104.9,35.16
2026-09-28 19:09:09,3251.99,28.9,19.71,105.0,35.02
2026-09-28 19:09:10,3252.24,28.3,17.75,104.2,35.27
2026-09-28 19:09:11,3252.48,26.14,19.12,99.5,35.4
2026-09-28 19:09:12,3252.73,28.12,20.55,107.6,34.98
2026-09-28 19:09:13,3252.97,26.72,20.04,105.1,36.51
2026-09-28 19:09:14,3253.23,26.01,21.4,110.4,33.88
2026-09-28 19:09:15,3253.49,27.69,19.0,106.2,37.67
2026-09-28 19:09:16,3253.74,28.83,18.74,108.1,36.13
2026-09-28 19:09:17,3254.02,28.88,22.16,105.2,34.64
2026-09-28 19:09:18,3254.29,26.24,18.21,102.0,36.64
2026-09-28 19:09:19,3254.51,27.68,21.74,109.6,34.79
2026-09-28 19:09:20,3254.76,27.53,20.09,104.8,35.98
2026-09-28 19:09:21,3255.04,27.7,18.69,105.2,34.73
2026-09-28 19:09:22,3255.29,27.61,19.86,107.2,37.17
2026-09-28 19:09:23,3255.56,25.79,19.55,107.1,35.85
2026-09-28 19:09:24,3255.82,25.65,19.5,107.5,37.23
2026-09-28 19:09:25,3256.1,27.0,19.62,105.7,35.38
2026-09-28 19:09:26,3256.37,26.41,19.1,109.4,37.51
2026-09-28 19:09:27,3256.6,26.56,19.48,108.9,36.6
2026-09-28 19:09:28,3256.86,27.74,20.53,107.6,37.43
2026-09-28 19:09:29,3257.11,27.39,19.26,107.9,32.34
2026-09-28 19:09:30,3257.37,27.06,19.75,107.8,35.23
2026-09-28 19:09:31,3257.62,24.94,21.34,107.4,33.49
2026-09-28 19:09:32,3257.87,25.86,19.1,110.5,34.86
2026-09-28 19:09:33,3258.14,25.52,21.3,107.3,34.41
2026-09-28 19:09:34,3258.41,25.95,22.21,107.6,34.67
2026-09-28 19:09:35,3258.67,25.63,20.85,108.1,34.38
2026-09-28 19:09:36,3258.91,26.88,19.27,108.0,36.07
2026-09-28 19:09:37,3259.14,25.28,24.03,104.9,36.23
2026-09-28 19:09:38,3259.39,26.28,19.59,108.6,37.59
2026-09-28 19:09:39,3259.62,26.17,20.11,104.0,36.35
2026-09-28 19:09:40,3259.9,22.96,21.56,111.1,35.73
2026-09-28 19:09:41,3260.13,25.75,19.21,105.3,36.26
2026-09-28 19:09:42,3260.36,24.56,19.44,108.2,37.14
2026-09-28 19:09:43,3260.62,25.62,19.12,109.6,34.11
2026-09-28 19:09:44,3260.87,25.13,19.16,110.2,37.62
2026-09-28 19:09:45,3261.12,25.93,20.48,108.9,33.0
2026-09-28 19:09:46,3261.38,24.31,22.08,107.8,37.96
2026-09-28 19:09:47,3261.62,24.91,21.13,108.8,34.55
2026-09-28 19:09:48,3261.88,24.2,22.77,103.1,32.08
2026-09-28 19:09:49,3262.14,25.16,22.93,104.2,34.41
2026-09-28 19:09:50,3262.38,22.03,22.25,107.7,37.14
2026-09-28 19:09:51,3262.63,22.98,22.35,104.8,35.42
2026-09-28 19:09:52,3262.87,22.31,23.19,110.5,38.17
2026-09-28 19:09:53,3263.12,22.83,23.12,107.7,35.05
2026-09-28 19:09:54,3263.36,23.59,20.92,102.6,34.67
2026-09-28 19:09:55,3263.59,23.56,21.77,107.3,35.72
2026-09-28 19:09:56,3263.83,23.8,21.94,105.8,36.48
2026-09-28 19:09:57,3264.08,23.87,18.88,112.3,37.44
2026-09-28 19:09:58,3264.33,23.84,20.03,113.2,35.95
2026-09-28 19:09:59,3264.57,22.79,19.92,107.3,37.67
2026-09-28 19:10:00,3264.81,21.0,21.3,108.1,35.27
2026-09-28 19:10:01,3265.07,22.31,20.46,107.9,34.4
2026-09-28 19:10:02,3265.34,21.85,20.97,108.3,37.66
2026-09-28 19:10:03,3265.6,21.94,21.29,108.8,40.15
2026-09-28 19:10:04,3265.84,23.06,20.86,110.9,32.66
2026-09-28 19:10:05,3266.09,22.95,22.04,110.8,37.14
2026-09-28 19:10:06,3266.32,22.2,20.39,114.0,40.81
2026-09-28 19:10:07,3266.58,22.91,23.84,111.0,34.8
2026-09-28 19:10:08,3266.83,20.95,21.78,107.9,35.22
2026-09-28 19:10:09,3267.07,22.27,21.14,111.2,36.57
2026-09-28 19:10:10,3267.3,19.98,21.47,110.3,36.11
2026-09-28 19:10:11,3267.56,21.22,21.97,108.0,36.79
2026-09-28 19:10:12,3267.83,22.52,23.09,114.1,34.85
2026-09-28 19:10:13,3268.08,21.27,20.31,109.8,35.63
2026-09-28 19:10:14,3268.29,20.7,21.7,111.2,36.06
2026-09-28 19:10:15,3268.55,18.83,24.14,109.2,36.87
2026-09-28 19:10:16,3268.84,21.6,23.92,109.0,36.16
2026-09-28 19:10:17,3269.07,20.85,22.13,115.7,41.2
2026-09-28 19:10:18,3269.3,21.39,21.07,106.1,31.14
2026-09-28 19:10:19,3269.56,21.32,21.23,110.7,35.95
2026-09-28 19:10:20,3269.79,21.31,23.64,110.2,37.62
2026-09-28 19:10:21,3270.03,21.17,22.58,110.9,41.22
2026-09-28 19:10:22,3270.28,19.45,22.65,116.1,33.8
2026-09-28 19:10:23,3270.54,21.07,21.82,109.4,36.12
2026-09-28 19:10:24,3270.76,19.1,22.91,114.1,38.36
2026-09-28 19:10:25,3271.04,19.85,22.15,112.2,40.25
2026-09-28 19:10:26,3271.25,20.95,23.08,116.7,39.85
2026-09-28 19:10:27,3271.52,21.11,25.21,112.3,38.34
2026-09-28 19:10:28,3271.78,19.94,23.34,113.9,39.17
2026-09-28 19:10:29,3272.07,18.9,21.7,113.7,41.27
2026-09-28 19:10:30,3272.32,20.01,24.59,111.7,42.34
2026-09-28 19:10:31,3272.54,19.62,24.05,111.4,43.81
2026-09-28 19:10:32,3272.8,18.27,24.18,114.2,43.4
2026-09-28 19:10:33,3273.02,20.39,23.91,113.2,40.84
2026-09-28 19:10:34,3273.28,18.19,25.15,114.6,39.37
2026-09-28 19:10:35,3273.56,20.31,24.07,107.0,38.01
2026-09-28 19:10:36,3273.79,18.42,25.5,114.6,36.93
2026-09-28 19:10:37,3274.08,18.78,23.93,111.9,40.51
2026-09-28 19:10:38,3274.33,18.41,24.01,119.5,41.57
2026-09-28 19:10:39,3274.59,19.49,25.18,115.9,38.93
2026-09-28 19:10:40,3274.84,20.9,23.35,114.8,44.15
2026-09-28 19:10:41,3275.05,19.66,24.42,115.5,42.95
2026-09-28 19:10:42,3275.3,19.14,24.57,113.7,40.09
2026-09-28 19:10:43,3275.55,17.71,23.84,113.2,42.01
2026-09-28 19:10:44,3275.76,19.8,22.88,115.3,41.9
2026-09-28 19:10:45,3276.01,18.9,24.7,114.8,44.28
2026-09-28 19:10:46,3276.27,19.24,23.45,116.9,41.1
2026-09-28 19:10:47,3276.51,18.16,24.22,119.7,44.04
2026-09-28 19:10:48,3276.77,17.35,24.14,118.5,40.73
2026-09-28 19:10:49,3277.04,17.06,25.52,117.8,36.69
2026-09-28 19:10:50,3277.28,16.84,25.22,117.7,42.77
2026-09-28 19:10:51,3277.56,20.58,24.51,117.5,44.13
2026-09-28 19:10:52,3277.81,16.7,23.71,117.7,42.82
2026-09-28 19:10:53,3278.07,16.24,25.68,116.3,45.26
2026-09-28 19:10:54,3278.27,16.63,25.69,120.5,42.65
2026-09-28 19:10:55,3278.52,18.24,26.08,111.3,41.09
2026-09-28 19:10:56,3278.76,16.28,25.19,120.8,44.34
2026-09-28 19:10:57,3279.01,16.4,25.19,117.1,45.57
2026-09-28 19:10:58,3279.22,17.09,25.18,115.1,47.61
2026-09-28 19:10:59,3279.45,17.47,26.68,123.5,47.79
2026-09-28 19:11:00,3279.71,16.52,26.26,116.4,48.14
2026-09-28 19:11:01,3279.96,15.85,27.28,120.5,43.98
2026-09-28 19:11:02,3280.17,19.44,26.18,117.4,46.78
2026-09-28 19:11:03,3280.45,15.74,27.44,116.6,44.73
2026-09-28 19:11:04,3280.68,15.87,26.15,120.2,47.32
2026-09-28 19:11:05,3280.93,16.5,26.83,119.2,51.12
2026-09-28 19:11:06,3281.16,15.55,27.83,122.9,48.37
2026-09-28 19:11:07,3281.42,14.71,27.49,123.5,47.1
2026-09-28 19:11:08,3281.63,18.16,27.21,119.7,47.31
2026-09-28 19:11:09,3281.89,14.78,25.96,122.5,46.77
2026-09-28 19:11:10,3282.15,17.97,26.44,119.8,51.95
2026-09-28 19:11:11,3282.35,16.75,27.48,119.1,49.22
2026-09-28 19:11:12,3282.58,14.46,27.14,117.6,48.18
2026-09-28 19:11:13,3282.83,15.72,26.3,120.1,48.86
2026-09-28 19:11:14,3283.06,15.06,27.26,121.3,48.57
2026-09-28 19:11:15,3283.32,17.02,27.46,114.5,47.44
2026-09-28 19:11:16,3283.62,15.16,27.6,118.8,51.32
2026-09-28 19:11:17,3283.88,15.75,27.49,122.3,49.88
2026-09-28 19:11:18,3284.12,14.61,28.79,121.9,49.6
2026-09-28 19:11:19,3284.37,15.3,27.21,119.3,50.12
2026-09-28 19:11:20,3284.6,14.6,27.71,122.2,50.22
2026-09-28 19:11:21,3284.86,14.58,25.87,120.9,47.55
2026-09-28 19:11:22,3285.11,15.28,27.7,119.9,55.97
2026-09-28 19:11:23,3285.35,15.46,27.53,121.3,51.47
2026-09-28 19:11:24,3285.59,14.8,26.57,118.6,52.96
2026-09-28 19:11:25,3285.85,16.11,29.19,123.0,54.39
2026-09-28 19:11:26,3286.09,14.91,28.16,120.4,52.64
2026-09-28 19:11:27,3286.35,15.9,26.4,125.1,55.71
2026-09-28 19:11:28,3286.57,15.2,28.11,120.9,52.28
2026-09-28 19:11:29,3286.83,13.7,28.15,124.3,53.32
2026-09-28 19:11:30,3287.08,13.68,27.77,121.8,56.51
2026-09-28 19:11:31,3287.31,17.12,28.88,122.3,55.48
2026-09-28 19:11:32,3287.56,13.8,29.19,124.2,56.56
2026-09-28 19:11:33,3287.82,15.94,29.34,120.2,58.43
2026-09-28 19:11:34,3288.1,26.0,30.02,125.6,54.54
2026-09-28 19:11:35,3288.36,26.0,29.34,126.4,55.02
2026-09-28 19:11:36,3288.59,26.0,28.82,126.2,56.0
2026-09-28 19:11:37,3288.85,26.0,30.85,121.5,55.19
2026-09-28 19:11:38,3289.09,26.0,28.73,126.5,56.63
2026-09-28 19:11:39,3289.34,26.0,29.38,125.5,59.86
2026-09-28 19:11:40,3289.56,26.0,28.47,124.7,53.29
2026-09-28 19:11:41,3289.82,26.0,28.7,127.8,57.06
2026-09-28 19:11:42,3290.08,26.0,27.44,123.9,59.98
2026-09-28 19:11:43,3290.33,26.0,29.98,125.1,60.78
2026-09-28 19:11:44,3290.61,26.0,29.23,126.7,59.53
2026-09-28 19:11:45,3290.86,26.0,29.41,124.0,57.77
2026-09-28 19:11:46,3291.11,26.0,29.59,126.5,62.41
2026-09-28 19:11:47,3291.35,26.0,28.25,125.0,61.73
2026-09-28 19:11:48,3291.58,26.0,29.89,122.5,59.83
2026-09-28 19:11:49,3291.82,26.0,28.31,122.6,61.47
2026-09-28 19:11:50,3292.06,26.0,29.3,126.6,61.46
2026-09-28 19:11:51,3292.32,26.0,33.51,124.4,57.17
2026-09-28 19:11:52,3292.54,26.0,31.06,128.8,62.97
2026-09-28 19:11:53,3292.77,26.0,29.19,125.4,61.68
2026-09-28 19:11:54,3293.04,26.0,29.22,124.0,59.52
2026-09-28 19:11:55,3293.29,26.0,33.6,127.2,60.11
2026-09-28 19:11:56,3293.53,26.0,29.19,126.2,64.4
2026-09-28 19:11:57,3293.78,26.0,31.62,131.8,65.47
2026-09-28 19:11:58,3294.05,13.06,29.68,127.1,61.23
2026-09-28 19:11:59,3294.3,12.78,31.36,123.9,67.25
2026-09-28 19:12:00,3294.54,15.09,31.77,124.3,63.31
2026-09-28 19:12:01,3294.75,13.65,29.68,125.1,64.64
2026-09-28 19:12:02,3294.98,15.46,31.65,131.9,66.25
2026-09-28 19:12:03,3295.25,14.04,28.9,125.1,63.85
2026-09-28 19:12:04,3295.49,15.91,29.02,127.2,69.56
2026-09-28 19:12:05,3295.76,15.11,30.07,129.8,64.17
2026-09-28 19:12:06,3295.98,13.77,29.33,127.5,62.02
2026-09-28 19:12:07,3296.19,14.75,31.08,131.1,66.67
2026-09-28 19:12:08,3296.43,14.06,30.91,125.6,69.07
2026-09-28 19:12:09,3296.69,16.02,31.33,126.4,69.93
2026-09-28 19:12:10,3296.95,14.57,31.97,130.3,66.82
2026-09-28 19:12:11,3297.21,16.45,29.71,131.1,67.03
2026-09-28 19:12:12,3297.46,15.26,31.69,126.0,67.75
2026-09-28 19:12:13,3297.7,14.94,29.78,128.2,68.24
2026-09-28 19:12:14,3297.96,16.52,30.68,130.4,70.87
2026-09-28 19:12:15,3298.21,15.72,31.59,133.9,69.37
2026-09-28 19:12:16,3298.46,15.26,30.36,127.7,68.98
2026-09-28 19:12:17,3298.73,16.9,32.28,134.9,72.48
2026-09-28 19:12:18,3298.99,12.77,31.18,130.5,72.01
2026-09-28 19:12:19,3299.22,14.36,31.25,131.2,69.77
2026-09-28 19:12:20,3299.45,14.63,32.38,128.5,73.63
2026-09-28 19:12:21,3299.71,15.38,29.86,127.5,72.07
2026-09-28 19:12:22,3299.95,14.89,33.1,128.6,70.16
2026-09-28 19:12:23,3300.13,16.38,31.27,136.2,71.76
2026-09-28 19:12:24,3300.39,15.23,32.09,129.6,73.59
2026-09-28 19:12:25,3300.65,16.8,30.82,130.3,72.67
2026-09-28 19:12:26,3300.91,14.39,30.17,131.8,70.4
2026-09-28 19:12:27,3301.12,15.69,29.29,131.2,71.48
2026-09-28 19:12:28,3301.41,14.41,33.3,132.2,74.12
2026-09-28 19:12:29,3301.65,17.07,29.02,127.0,71.73
2026-09-28 19:12:30,3301.85,14.75,28.12,134.8,75.85
2026-09-28 19:12:31,3302.1,14.49,31.54,127.6,74.95
2026-09-28 19:12:32,3302.36,15.94,32.07,133.7,74.43
2026-09-28 19:12:33,3302.64,15.08,30.9,134.9,75.88
2026-09-28 19:12:34,3302.88,18.33,31.74,135.4,77.14
2026-09-28 19:12:35,3303.12,17.17,30.73,136.1,76.78
2026-09-28 19:12:36,3303.39,15.55,33.61,134.1,74.17
2026-09-28 19:12:37,3303.67,16.74,31.94,129.2,75.86
2026-09-28 19:12:38,3303.94,15.75,30.82,135.3,78.11
2026-09-28 19:12:39,3304.19,16.58,31.39,127.9,75.16
2026-09-28 19:12:40,3304.44,16.88,31.54,132.9,80.31
2026-09-28 19:12:41,3304.69,14.96,31.19,133.6,83.07
2026-09-28 19:12:42,3304.96,15.1,31.58,135.0,78.7
2026-09-28 19:12:43,3305.19,18.45,30.69,133.8,77.61
2026-09-28 19:12:44,3305.45,17.69,32.03,132.4,78.18
2026-09-28 19:12:45,3305.7,18.26,32.81,134.2,82.69
2026-09-28 19:12:46,3305.96,17.99,32.65,128.6,80.0
2026-09-28 19:12:47,3306.23,17.68,32.74,130.4,83.87
2026-09-28 19:12:48,3306.48,17.02,28.48,130.2,82.05
2026-09-28 19:12:49,3306.72,17.11,31.91,140.9,79.55
2026-09-28 19:12:50,3306.99,16.65,32.13,132.4,81.92
2026-09-28 19:12:51,3307.25,18.14,32.19,130.3,77.42
2026-09-28 19:12:52,3307.49,18.26,32.24,130.1,81.1
2026-09-28 19:12:53,3307.74,18.06,32.32,137.4,79.39
2026-09-28 19:12:54,3308.0,18.59,32.89,134.3,78.15
2026-09-28 19:12:55,3308.24,18.25,32.72,130.2,80.15
2026-09-28 19:12:56,3308.49,20.94,32.22,139.7,84.32
2026-09-28 19:12:57,3308.74,19.74,31.24,135.1,84.76
2026-09-28 19:12:58,3308.95,20.28,33.77,134.7,82.03
2026-09-28 19:12:59,3309.2,17.28,32.43,137.1,83.37
2026-09-28 19:13:00,3309.44,17.96,32.46,135.3,82.89
2026-09-28 19:13:01,3309.71,18.76,33.11,137.5,85.79
2026-09-28 19:13:02,3309.97,19.15,32.59,131.4,86.81
2026-09-28 19:13:03,3310.19,19.45,30.7,134.1,87.32
2026-09-28 19:13:04,3310.43,18.99,31.5,138.2,83.95
2026-09-28 19:13:05,3310.68,19.7,30.95,135.2,82.88
2026-09-28 19:13:06,3310.97,17.81,32.48,135.7,88.01
2026-09-28 19:13:07,3311.18,18.97,32.49,136.8,86.55
2026-09-28 19:13:08,3311.41,21.69,29.9,131.8,89.26
2026-09-28 19:13:09,3311.7,19.47,31.9,135.3,86.84
2026-09-28 19:13:10,3311.97,21.15,33.18,135.1,88.71
2026-09-28 19:13:11,3312.21,19.23,32.53,134.9,90.12
2026-09-28 19:13:12,3312.48,19.36,30.7,134.6,87.47
2026-09-28 19:13:13,3312.73,18.63,31.04,133.3,86.98
2026-09-28 19:13:14,3313.0,19.14,32.56,133.5,86.57
2026-09-28 19:13:15,3313.23,20.29,30.59,134.9,86.65
2026-09-28 19:13:16,3313.45,19.32,33.11,134.0,90.31
2026-09-28 19:13:17,3313.72,20.18,32.15,134.9,95.0
2026-09-28 19:13:18,3313.96,20.38,31.22,128.4,93.66
2026-09-28 19:13:19,3314.2,20.11,33.29,135.5,90.45
2026-09-28 19:13:20,3314.49,20.65,32.42,138.0,90.23
2026-09-28 19:13:21,3314.74,22.11,32.3,134.2,90.72
2026-09-28 19:13:22,3314.99,22.11,32.97,134.5,91.99
2026-09-28 19:13:23,3315.24,20.92,30.7,136.1,91.65
2026-09-28 19:13:24,3315.5,19.6,32.53,133.5,92.01
2026-09-28 19:13:25,3315.75,19.92,30.45,137.9,90.78
2026-09-28 19:13:26,3316.03,21.24,29.61,135.5,92.89
2026-09-28 19:13:27,3316.31,22.38,32.69,135.5,90.44
2026-09-28 19:13:28,3316.57,22.12,30.9,133.4,93.19
2026-09-28 19:13:29,3316.84,22.52,29.67,138.4,93.43
2026-09-28 19:13:30,3317.07,21.46,34.11,133.8,93.18
2026-09-28 19:13:31,3317.33,19.67,28.8,133.4,96.44
2026-09-28 19:13:32,3317.59,24.51,31.36,133.8,93.29
2026-09-28 19:13:33,3317.82,22.6,33.53,134.4,93.54
2026-09-28 19:13:34,3318.08,22.23,30.71,135.2,94.17
2026-09-28 19:13:35,3318.3,24.36,31.78,135.8,94.09
2026-09-28 19:13:36,3318.56,23.36,29.47,138.2,94.85
2026-09-28 19:13:37,3318.8,23.95,32.77,138.8,97.49
2026-09-28 19:13:38,3319.05,23.08,31.21,136.4,92.89
2026-09-28 19:13:39,3319.3,20.18,29.07,133.0,94.18
2026-09-28 19:13:40,3319.55,24.12,32.55,139.5,94.93
2026-09-28 19:13:41,3319.83,23.62,28.8,137.4,99.98
2026-09-28 19:13:42,3320.05,24.12,31.66,135.7,97.08
2026-09-28 19:13:43,3320.26,22.44,32.4,135.9,94.08
2026-09-28 19:13:44,3320.54,22.81,30.07,134.4,97.02
2026-09-28 19:13:45,3320.79,24.68,27.62,132.5,97.46
2026-09-28 19:13:46,3321.06,20.69,31.43,136.9,96.87
2026-09-28 19:13:47,3321.29,25.2,31.6,135.1,97.83
2026-09-28 19:13:48,3321.54,24.04,29.44,136.5,99.71
2026-09-28 19:13:49,3321.75,23.85,30.26,132.6,94.57
2026-09-28 19:13:50,3321.98,23.78,29.41,130.3,100.61
2026-09-28 19:13:51,3322.23,22.48,30.99,131.3,101.09
2026-09-28 19:13:52,3322.47,25.51,30.94,137.3,100.07
2026-09-28 19:13:53,3322.74,22.46,30.89,132.9,97.53
2026-09-28 19:13:54,3323.01,24.92,29.56,132.0,95.33
2026-09-28 19:13:55,3323.26,25.31,29.58,134.5,98.09
2026-09-28 19:13:56,3323.49,25.47,30.06,135.6,100.03
2026-09-28 19:13:57,3323.7,25.27,31.26,132.7,99.5
2026-09-28 19:13:58,3323.95,25.81,30.59,133.4,101.08
2026-09-28 19:13:59,3324.18,24.94,29.65,131.2,95.71
2026-09-28 19:14:00,3324.44,23.46,29.93,131.5,101.63
2026-09-28 19:14:01,3324.65,25.94,30.87,135.6,97.55
2026-09-28 19:14:02,3324.9,23.23,28.89,133.0,103.56
2026-09-28 19:14:03,3325.15,25.98,29.18,133.9,100.53
2026-09-28 19:14:04,3325.42,25.47,28.42,134.8,101.79
2026-09-28 19:14:05,3325.69,24.54,30.8,132.7,99.69
2026-09-28 19:14:06,3325.92,25.62,28.03,135.4,98.87
2026-09-28 19:14:07,3326.19,24.22,31.0,132.6,100.32
2026-09-28 19:14:08,3326.48,26.59,27.34,131.3,99.6
2026-09-28 19:14:09,3326.73,25.4,27.42,133.1,101.06
2026-09-28 19:14:10,3326.99,24.91,31.0,136.4,103.46
2026-09-28 19:14:11,3327.23,28.1,28.18,139.1,100.78
2026-09-28 19:14:12,3327.49,27.39,30.4,129.3,106.18
2026-09-28 19:14:13,3327.77,24.71,29.12,134.6,103.89
2026-09-28 19:14:14,3328.06,26.46,30.26,131.7,104.72
2026-09-28 19:14:15,3328.31,26.42,26.88,131.1,103.06
2026-09-28 19:14:16,3328.52,27.02,30.34,136.3,104.18
2026-09-28 19:14:17,3328.75,29.05,28.11,128.8,100.56
2026-09-28 19:14:18,3329.01,26.67,25.61,136.8,104.32
2026-09-28 19:14:19,3329.29,26.48,25.88,129.7,103.37
2026-09-28 19:14:20,3329.53,27.95,29.0,138.2,105.61
2026-09-28 19:14:21,3329.8,26.87,29.27,133.1,103.63
2026-09-28 19:14:22,3330.05,24.28,28.37,130.5,104.37
2026-09-28 19:14:23,3330.3,27.71,28.19,131.4,105.0
2026-09-28 19:14:24,3330.53,27.59,27.18,129.0,97.55
2026-09-28 19:14:25,3330.77,27.3,27.97,129.8,99.46
2026-09-28 19:14:26,3331.03,28.2,28.67,132.5,104.96
2026-09-28 19:14:27,3331.3,26.02,25.75,133.2,104.69
2026-09-28 19:14:28,3331.49,27.05,26.8,128.0,103.71
2026-09-28 19:14:29,3331.75,27.84,28.46,130.7,104.88
2026-09-28 19:14:30,3332.02,26.31,28.34,127.5,104.27
2026-09-28 19:14:31,3332.26,28.19,26.64,131.9,105.67
2026-09-28 19:14:32,3332.54,28.1,27.08,134.4,102.78
2026-09-28 19:14:33,3332.81,26.74,26.41,133.0,105.24
2026-09-28 19:14:34,3333.06,27.31,26.2,129.7,107.15
2026-09-28 19:14:35,3333.29,28.86,26.77,131.7,104.2
2026-09-28 19:14:36,3333.58,31.15,27.9,126.2,106.94
2026-09-28 19:14:37,3333.82,26.7,25.11,133.5,106.27
2026-09-28 19:14:38,3334.07,28.81,27.17,130.6,101.32
2026-09-28 19:14:39,3334.33,28.27,27.39,136.7,102.34
2026-09-28 19:14:40,3334.57,27.82,24.1,123.9,105.26
2026-09-28 19:14:41,3334.84,28.21,25.57,134.2,105.22
2026-09-28 19:14:42,3335.12,28.4,23.63,127.7,104.79
2026-09-28 19:14:43,3335.36,27.81,29.11,130.9,105.28
2026-09-28 19:14:44,3335.62,28.62,25.88,129.7,104.79
2026-09-28 19:14:45,3335.89,30.88,24.31,130.8,103.33
2026-09-28 19:14:46,3336.17,29.96,27.71,131.1,107.72
2026-09-28 19:14:47,3336.4,29.81,27.31,131.8,105.84
2026-09-28 19:14:48,3336.66,29.66,25.89,133.4,105.13
2026-09-28 19:14:49,3336.87,29.1,26.5,129.9,108.0
2026-09-28 19:14:50,3337.12,28.38,27.08,128.6,102.89
2026-09-28 19:14:51,3337.38,29.55,26.9,129.1,102.54
2026-09-28 19:14:52,3337.63,28.42,24.93,129.3,107.16
2026-09-28 19:14:53,3337.9,30.66,26.2,133.0,104.75
2026-09-28 19:14:54,3338.16,14.0,24.31,133.0,105.07
2026-09-28 19:14:55,3338.4,14.0,26.02,126.4,106.95
2026-09-28 19:14:56,3338.68,14.0,25.47,127.2,100.54
2026-09-28 19:14:57,3338.92,14.0,26.52,123.2,106.77
2026-09-28 19:14:58,3339.16,14.0,24.14,132.9,100.97
2026-09-28 19:14:59,3339.41,14.0,25.39,130.4,106.16
2026-09-28 19:15:00,3339.64,13.49,24.36,126.2,105.29
2026-09-28 19:15:01,3339.86,13.31,26.4,127.4,105.09
2026-09-28 19:15:02,3340.12,14.0,25.6,125.4,105.25
2026-09-28 19:15:03,3340.35,14.0,23.45,125.2,105.97
2026-09-28 19:15:04,3340.57,14.0,22.45,126.5,105.93
2026-09-28 19:15:05,3340.79,14.0,27.11,127.9,104.06
2026-09-28 19:15:06,3341.02,14.0,22.76,131.9,100.53
2026-09-28 19:15:07,3341.26,14.0,23.94,125.5,101.4
2026-09-28 19:15:08,3341.49,14.0,22.89,128.4,106.37
2026-09-28 19:15:09,3341.74,14.0,24.82,123.6,104.29
2026-09-28 19:15:10,3342.02,14.0,23.99,124.1,102.04
2026-09-28 19:15:11,3342.28,14.0,24.74,128.2,106.35
2026-09-28 19:15:12,3342.52,14.0,24.23,125.1,102.93
2026-09-28 19:15:13,3342.76,13.88,24.12,124.9,103.96
2026-09-28 19:15:14,3342.97,14.0,24.01,122.3,105.57
2026-09-28 19:15:15,3343.22,14.0,24.38,128.5,103.62
2026-09-28 19:15:16,3343.45,14.0,22.91,122.7,103.85
2026-09-28 19:15:17,3343.67,14.0,23.86,124.8,104.98
2026-09-28 19:15:18,3343.92,14.0,23.52,121.3,105.39
2026-09-28 19:15:19,3344.15,29.22,22.07,127.0,104.54
2026-09-28 19:15:20,3344.43,30.1,23.64,126.5,102.71
2026-09-28 19:15:21,3344.65,30.5,23.58,125.0,105.37
2026-09-28 19:15:22,3344.9,30.37,23.27,119.7,101.58
2026-09-28 19:15:23,3345.14,29.92,22.12,126.6,106.25
2026-09-28 19:15:24,3345.41,30.64,22.97,122.8,103.51
2026-09-28 19:15:25,3345.69,29.9,22.55,123.2,105.6
2026-09-28 19:15:26,3345.97,28.88,22.61,122.7,102.35
2026-09-28 19:15:27,3346.24,29.71,22.44,129.3,102.57
2026-09-28 19:15:28,3346.47,27.26,23.67,124.3,102.2
2026-09-28 19:15:29,3346.73,29.2,22.75,121.2,103.78
2026-09-28 19:15:30,3346.96,29.57,22.62,125.5,99.52
2026-09-28 19:15:31,3347.18,29.04,20.88,122.7,97.91
2026-09-28 19:15:32,3347.4,30.81,24.71,125.6,100.66
2026-09-28 19:15:33,3347.63,27.97,22.26,124.2,104.26
2026-09-28 19:15:34,3347.89,29.93,20.82,124.2,100.23
2026-09-28 19:15:35,3348.14,29.34,23.86,118.0,101.53
2026-09-28 19:15:36,3348.42,28.45,21.05,123.9,99.17
2026-09-28 19:15:37,3348.67,28.7,21.43,126.7,102.47
2026-09-28 19:15:38,3348.94,27.66,22.84,123.6,101.53
2026-09-28 19:15:39,3349.21,29.7,22.54,120.6,99.41
2026-09-28 19:15:40,3349.48,27.79,22.69,123.9,101.59
2026-09-28 19:15:41,3349.73,28.77,21.86,125.2,99.32
2026-09-28 19:15:42,3349.95,30.53,23.01,121.0,102.31
2026-09-28 19:15:43,3350.17,29.54,21.54,122.5,98.55
2026-09-28 19:15:44,3350.44,30.87,22.37,121.3,101.87
2026-09-28 19:15:45,3350.69,30.34,23.78,118.5,101.0
2026-09-28 19:15:46,3350.98,29.62,21.7,121.5,101.45
2026-09-28 19:15:47,3351.21,27.09,23.26,122.6,100.56
2026-09-28 19:15:48,3351.47,29.41,19.85,120.4,96.32
2026-09-28 19:15:49,3351.75,27.6,21.56,123.1,99.15
2026-09-28 19:15:50,3352.0,28.04,20.98,122.2,99.14
2026-09-28 19:15:51,3352.26,27.55,22.52,119.1,101.95
2026-09-28 19:15:52,3352.51,25.99,22.62,117.1,101.44
2026-09-28 19:15:53,3352.78,27.88,21.15,119.0,99.98
2026-09-28 19:15:54,3353.02,27.85,20.07,120.8,97.45
2026-09-28 19:15:55,3353.24,27.74,23.1,119.9,99.57
2026-09-28 19:15:56,3353.48,28.37,21.49,119.6,99.8
2026-09-28 19:15:57,3353.77,27.57,22.74,123.9,95.43
2026-09-28 19:15:58,3354.0,27.79,19.54,118.3,100.55
2026-09-28 19:15:59,3354.26,28.25,20.19,121.9,96.24
2026-09-28 19:16:00,3354.52,25.36,21.51,118.9,95.41
2026-09-28 19:16:01,3354.78,25.81,20.71,117.0,100.64
2026-09-28 19:16:02,3354.98,26.87,20.66,119.5,96.59
2026-09-28 19:16:03,3355.26,28.47,20.58,116.6,94.85
2026-09-28 19:16:04,3355.52,26.52,19.26,118.3,95.9
2026-09-28 19:16:05,3355.77,26.31,20.09,118.5,95.87
2026-09-28 19:16:06,3356.01,26.87,20.08,117.8,96.42
2026-09-28 19:16:07,3356.25,27.58,21.0,112.0,96.19
2026-09-28 19:16:08,3356.48,28.37,20.82,118.1,95.36
2026-09-28 19:16:09,3356.73,26.32,21.7,112.7,96.31
2026-09-28 19:16:10,3356.98,25.36,19.1,119.2,96.36
2026-09-28 19:16:11,3357.28,25.29,20.03,117.0,93.56
2026-09-28 19:16:12,3357.53,26.16,20.94,117.6,93.32
2026-09-28 19:16:13,3357.77,26.94,20.39,115.7,95.05
2026-09-28 19:16:14,3358.07,25.25,21.79,114.8,90.58
2026-09-28 19:16:15,3358.29,25.94,20.34,118.7,92.1
2026-09-28 19:16:16,3358.58,26.61,21.47,112.9,90.43
2026-09-28 19:16:17,3358.81,26.04,19.62,117.4,92.99
2026-09-28 19:16:18,3359.07,24.69,20.5,117.2,90.22
2026-09-28 19:16:19,3359.33,25.66,19.5,117.7,93.34
2026-09-28 19:16:20,3359.63,23.75,19.4,112.7,93.55
2026-09-28 19:16:21,3359.88,26.11,21.99,114.1,91.09
2026-09-28 19:16:22,3360.14,26.22,19.77,111.9,92.05
2026-09-28 19:16:23,3360.43,26.46,23.06,115.5,94.35
2026-09-28 19:16:24,3360.68,24.32,22.04,116.0,91.35
2026-09-28 19:16:25,3360.94,23.71,20.57,116.4,90.22
2026-09-28 19:16:26,3361.19,25.4,19.19,113.8,93.64
2026-09-28 19:16:27,3361.45,25.28,20.51,110.9,90.39
2026-09-28 19:16:28,3361.7,24.41,18.91,110.9,92.79
2026-09-28 19:16:29,3361.93,24.96,19.15,113.1,90.67
2026-09-28 19:16:30,3362.17,23.76,17.88,116.8,90.08
2026-09-28 19:16:31,3362.42,24.91,20.63,111.1,88.55
2026-09-28 19:16:32,3362.7,26.28,20.03,114.8,91.22
2026-09-28 19:16:33,3362.99,25.19,20.2,110.5,90.31
2026-09-28 19:16:34,3363.22,24.12,18.12,112.2,89.26
2026-09-28 19:16:35,3363.47,25.24,19.32,110.8,88.58
2026-09-28 19:16:36,3363.72,22.86,20.75,111.9,86.52
2026-09-28 19:16:37,3363.98,23.34,20.64,115.1,88.74
2026-09-28 19:16:38,3364.22,23.11,21.23,112.5,86.42
2026-09-28 19:16:39,3364.49,25.06,17.63,113.1,86.13
2026-09-28 19:16:40,3364.75,22.98,21.48,113.8,87.86
2026-09-28 19:16:41,3365.0,23.92,21.11,114.5,87.37
